Shinryu, Transcendent Rival	2	Effect:unknown;Trigger:When the chosen player loses the game	Flying / As this creature transforms into Shinryu, choose an opponent. / Burning Chains — When the chosen player loses the game, you win the game.
Summoner's Grimoire	1	Swallow:Condition_If	Job select / Equipped creature is a Shaman in addition to its other types and has "Whenever this creature attacks, you may put a creature card from your hand onto the battlefield. If that card is an enchantment card, it enters tapped and attacking." / Abraxas — Equip {3}
Bumi, Unleashed	1	Effect:only	Trample / When Bumi enters, earthbend 4. / Whenever Bumi deals combat damage to a player, untap all lands you control. After this phase, there is an additional combat phase. Only land creatures can attack during that combat phase.
Living Conundrum	0		Hexproof / If you would draw a card while your library has no cards in it, skip that draw instead. / As long as there are no cards in your library, this creature has base power and toughness 10/10 and has flying and vigilance.
Steamcore Scholar	1	Effect:Unsupported unless clause	Flying, vigilance / When this creature enters, draw two cards. Then discard two cards unless you discard an instant or sorcery card or a creature card with flying.
Ashiok, Wicked Manipulator	2	Swallow:Duration_ThisTurn;Swallow:DynamicQty	If you would pay life while your library has at least that many cards in it, exile that many cards from the top of your library instead. / [+1]: Look at the top two cards of your library. Exile one of them and put the other into your hand. / [−2]: Create two 1/1 black Nightmare creature tokens with "At the beginning of combat on your turn, if a card was put into exile this turn, put a +1/+1 counter on this token." / [−7]: Target player exiles the top X cards of their library, where X is the total mana value of cards you own in exile.
Arid Archway	1	Swallow:Condition_If	This land enters tapped. / When this land enters, return a land you control to its owner's hand. If another Desert was returned this way, surveil 1. (Look at the top card of your library. You may put it into your graveyard.) / {T}: Add {C}{C}.
Vannifar, Evolved Enigma	1	Effect:cloak	At the beginning of combat on your turn, choose one — / • Cloak a card from your hand. (Put it onto the battlefield face down as a 2/2 creature with ward {2}. Turn it face up any time for its mana cost if it's a creature card.) / • Put a +1/+1 counter on each colorless creature you control.
Thaumaton Torpedo	1	Swallow:Duration_ThisTurn	{6}, {T}, Sacrifice this artifact: Destroy target nonland permanent. This ability costs {3} less to activate if you attacked with a Spacecraft this turn.
The Tale of Tamiyo	1	Swallow:Condition_If	(As this Saga enters and after your draw step, add a lore counter. Sacrifice after IV.) / I, II, III — Mill two cards. If two cards that share a card type were milled this way, draw a card and repeat this process. / IV — Exile any number of target instant, sorcery, and/or Tamiyo planeswalker cards from your graveyard. Copy them. You may cast any number of the copies.
Heirloom Epic	1	Effect:for	{4}, {T}: Draw a card. For each mana in this ability's activation cost, you may tap an untapped creature you control rather than pay that mana. Activate only as a sorcery.
Zimone, Paradox Sculptor	1	Swallow:DynamicQty	At the beginning of combat on your turn, put a +1/+1 counter on each of up to two target creatures you control. / {G}{U}, {T}: Double the number of each kind of counter on up to two target creatures and/or artifacts you control.
Kav Landseeker	1	Effect:at	Menace (This creature can't be blocked except by two or more creatures.) / When this creature enters, create a Lander token. At the beginning of the end step on your next turn, sacrifice that token. (It's an artifact with "{2}, {T}, Sacrifice this token: Search your library for a basic land card, put it onto the battlefield tapped, then shuffle.")
Teysa, Opulent Oligarch	2	Swallow:Duration_ThisTurn;Swallow:DynamicQty	Deathtouch / At the beginning of your end step, investigate for each opponent who lost life this turn. / Whenever a Clue you control is put into a graveyard from the battlefield, create a 1/1 white and black Spirit creature token with flying. This ability triggers only once each turn.
Expel the Interlopers	1	Swallow:DynamicQty	Choose a number between 0 and 10. Destroy all creatures with power greater than or equal to the chosen number.
Singularity Rupture	1	Swallow:DynamicQty	Destroy all creatures, then any number of target players each mill half their library, rounded down.
Zidane, Tantalus Thief	1	Trigger:Whenever an opponent gains control of a permanent from you	When Zidane enters, gain control of target creature an opponent controls until end of turn. Untap it. It gains lifelink and haste until end of turn. / Whenever an opponent gains control of a permanent from you, you create a Treasure token.
Kitesail Larcenist	1	Effect:for	Flying, ward {1} / When this creature enters, for each player, choose up to one other target artifact or creature that player controls. For as long as this creature remains on the battlefield, the chosen permanents become Treasure artifacts with "{T}, Sacrifice this artifact: Add one mana of any color" and lose all other abilities.
Temple of Power	1	Swallow:Condition_If	(Transforms from Ojer Axonil, Deepest Might.) / {T}: Add {R}. / {2}{R}, {T}: Transform this land. Activate only if red sources you controlled dealt 4 or more noncombat damage this turn and only as a sorcery.
Howling Galefang	0		Vigilance / This creature has haste as long as you own a card in exile that has an Adventure.
Wisecrack	1	Swallow:Condition_If	Target creature deals damage equal to its power to itself. If that creature is attacking, Wisecrack deals 2 damage to that creature's controller.
Squirming Emergence	1	Swallow:DynamicQty	Fathomless descent — Return to the battlefield target nonland permanent card in your graveyard with mana value less than or equal to the number of permanent cards in your graveyard.
Quick Draw	1	Effect:creatures	Target creature you control gets +1/+1 and gains first strike until end of turn. Creatures target opponent controls lose first strike and double strike until end of turn.
Rhino's Rampage	1	Effect:when	Target creature you control gets +1/+0 until end of turn. It fights target creature an opponent controls. When excess damage is dealt to the creature an opponent controls this way, destroy up to one target noncreature artifact with mana value 3 or less.
Deepway Navigator	0		Flash / When this creature enters, untap each other Merfolk you control. / As long as you attacked with three or more Merfolk this turn, Merfolk you control get +1/+0.
Fblthp, Lost on the Range	2	Effect:effect_structure;Effect:static_structure	Ward {2} / You may look at the top card of your library any time. / The top card of your library has plot. The plot cost is equal to its mana cost. / You may plot nonland cards from the top of your library.
Glen Elendra's Answer	1	Effect:all	This spell can't be countered. / Counter all spells your opponents control and all abilities your opponents control. Create a 1/1 blue and black Faerie creature token with flying for each spell and ability countered this way.
Twisted Sewer-Witch	1	Effect:for	When this creature enters, create a 1/1 black Rat creature token with "This creature can't block." Then for each Rat you control, create a Wicked Role token attached to that Rat. (If you control another Role on it, put that one into the graveyard. Enchanted creature gets +1/+1. When this token is put into a graveyard, each opponent loses 1 life.)
Close Encounter	1	Cost:choose a creature you control or a warped creature card you own in exile	As an additional cost to cast this spell, choose a creature you control or a warped creature card you own in exile. / Close Encounter deals damage equal to the power of the chosen creature or card to target creature.
Tinybones, Bauble Burglar	1	Effect:unknown	Whenever an opponent discards a card, exile it from their graveyard with a stash counter on it. / During your turn, you may play cards you don't own with stash counters on them from exile, and mana of any type can be spent to cast those spells. / {3}{B}, {T}: Each opponent discards a card. Activate only as a sorcery.
Anti-Venom, Horrifying Healer	1	Swallow:Condition_If	When Anti-Venom enters, if he was cast, return target creature card from your graveyard to the battlefield. / If damage would be dealt to Anti-Venom, prevent that damage and put that many +1/+1 counters on him.
Vraska, the Silencer	2	Effect:it's;Effect:lose	Deathtouch / Whenever a nontoken creature an opponent controls dies, you may pay {1}. If you do, return that card to the battlefield tapped under your control. It's a Treasure artifact with "{T}, Sacrifice this artifact: Add one mana of any color," and it loses all other card types.
Cloud, Midgar Mercenary	2	Swallow:Condition_AsLongAs;Swallow:Condition_If	When Cloud enters, search your library for an Equipment card, reveal it, put it into your hand, then shuffle. / As long as Cloud is equipped, if a triggered ability of Cloud or an Equipment attached to it triggers, that ability triggers an additional time.
The Lunar Whale	0		Flying / You may look at the top card of your library any time. / As long as The Lunar Whale attacked this turn, you may play the top card of your library. / Crew 1
Freestrider Commando	1	Swallow:Condition_If	This creature enters with two +1/+1 counters on it if it wasn't cast or no mana was spent to cast it. / Plot {3}{G} (You may pay {3}{G} and exile this card from your hand. Cast it as a sorcery on a later turn without paying its mana cost. Plot only as a sorcery.)
Case File Auditor	1	Trigger:Whenever you solve a Case	When this creature enters and whenever you solve a Case, look at the top six cards of your library. You may reveal an enchantment card from among them and put it into your hand. Put the rest on the bottom of your library in a random order. / You may spend mana as though it were mana of any color to cast Case spells.
Longstalk Brawl	1	Swallow:Condition_If	Gift a tapped Fish (You may promise an opponent a gift as you cast this spell. If you do, they create a tapped 1/1 blue Fish creature token before its other effects.) / Choose target creature you control and target creature you don't control. Put a +1/+1 counter on the creature you control if the gift was promised. Then those creatures fight each other.
Malamet Battle Glyph	1	Swallow:Condition_If	Choose target creature you control and target creature you don't control. If the creature you control entered this turn, put a +1/+1 counter on it. Then those creatures fight each other.
Prishe's Wanderings	1	Effect:when	Search your library for a basic land card or Town card, put it onto the battlefield tapped, then shuffle. When you search your library this way, put a +1/+1 counter on target creature you control.
Calamity, Galloping Inferno	1	Effect:choose	Haste / Whenever Calamity attacks while saddled, choose a nonlegendary creature that saddled it this turn and create a tapped and attacking token that's a copy of it. Sacrifice that token at the beginning of the next end step. Repeat this process once. / Saddle 1
Magitek Scythe	1	Swallow:Optional_YouMay	A Test of Your Reflexes! — When this Equipment enters, you may attach it to target creature you control. If you do, that creature gains first strike until end of turn and must be blocked this turn if able. / Equipped creature gets +2/+1. / Equip {2}
Hearth Elemental	1	Swallow:DynamicQty	This spell costs {X} less to cast, where X is the number of cards in your graveyard that are instant cards, sorcery cards, and/or have an Adventure.
Lightwheel Enhancements	0		Enchant creature or Vehicle / Start your engines! (If you have no speed, it starts at 1. It increases once on each of your turns when an opponent loses life. Max speed is 4.) / Enchanted permanent gets +1/+1 and has vigilance. / Max speed — You may cast this card from your graveyard.
Elvish Refueler	1	Effect:unknown	During your turn, as long as you haven't activated an exhaust ability this turn, you may activate exhaust abilities as though they haven't been activated. / Exhaust — {1}{G}: Put a +1/+1 counter on this creature. (Activate each exhaust ability only once.)
Judgment Bolt	1	Swallow:DynamicQty	Judgment Bolt deals 5 damage to target creature and X damage to that creature's controller, where X is the number of Equipment you control.
Swiftwing Assailant	0		Flying / Start your engines! (If you have no speed, it starts at 1. It increases once on each of your turns when an opponent loses life. Max speed is 4.) / Max speed — This creature gets +0/+1 and has vigilance.
Ignis Scientia	1	Cost:I've Come Up with a New Recipe! — {1}{G}{U}	When Ignis Scientia enters, look at the top six cards of your library. You may put a land card from among them onto the battlefield tapped. Put the rest on the bottom of your library in a random order. / I've Come Up with a New Recipe! — {1}{G}{U}, {T}: Exile target card from a graveyard. If a creature card was exiled this way, create a Food token.
Winnowing	1	Effect:for	Convoke (Your creatures can help cast this spell. Each creature you tap while casting this spell pays for {1} or one mana of that creature's color.) / For each player, you choose a creature that player controls. Then each player sacrifices all other creatures they control that don't share a creature type with the chosen creature they control.
Kaya, Spirits' Justice	2	Effect:choose;Effect:for	Whenever one or more creatures you control and/or creature cards in your graveyard are put into exile, you may choose a creature card from among them. Until end of turn, target token you control becomes a copy of it, except it has flying. / [+2]: Surveil 2, then exile a card from a graveyard. / [+1]: Create a 1/1 white and black Spirit creature token with flying. / [−2]: Exile target creature you control. For each other player, exile up to one target creature that player controls.
Page, Loose Leaf	1	Cost:Loose Leaf	{T}: Add {C}. / Grandeur — Discard another card named Page, Loose Leaf: Reveal cards from the top of your library until you reveal an instant or sorcery card. Put that card into your hand and the rest on the bottom of your library in a random order.
Avatar Aang	2	Swallow:Condition_If;Swallow:Duration_ThisTurn	Flying, firebending 2 / Whenever you waterbend, earthbend, firebend, or airbend, draw a card. Then if you've done all four this turn, transform Avatar Aang.
Intrepid Paleontologist	2	Swallow:Condition_If;Swallow:Optional_YouMay	{T}: Add one mana of any color. / {2}: Exile target card from a graveyard. / You may cast Dinosaur creature spells from among cards you own exiled with this creature. If you cast a spell this way, that creature enters with a finality counter on it. (If a creature with a finality counter on it would die, exile it instead.)
Eliminate the Impossible	1	Swallow:Condition_If	Investigate. Creatures your opponents control get -2/-0 until end of turn. If any of them are suspected, they're no longer suspected. (To investigate, create a Clue token. It's an artifact with "{2}, Sacrifice this token: Draw a card.")
Sidequest: Hunt the Mark	1	Swallow:Duration_ThisTurn	When this enchantment enters, destroy up to one target creature. / At the beginning of your end step, if a creature died under an opponent's control this turn, create a Treasure token. Then if you control three or more Treasures, transform this enchantment.
Inventive Wingsmith	1	Swallow:Duration_ThisTurn	At the beginning of your end step, if you haven't cast a spell from your hand this turn and this creature doesn't have a flying counter on it, put a flying counter on it.
Hollow Marauder	1	Effect:for	This spell costs {1} less to cast for each creature card in your graveyard. / Flying / When this creature enters, any number of target opponents each discard a card. For each of those opponents who didn't discard a card with mana value 4 or greater, draw a card.
Crowd-Control Warden	1	Effect:replacement_structure	As this creature enters or is turned face up, put X +1/+1 counters on it, where X is the number of other creatures you control. / Disguise {3}{G/W}{G/W} (You may cast this card face down for {3} as a 2/2 creature with ward {2}. Turn it face up any time for its disguise cost.)
Sorcerous Spyglass	1	Effect:unknown	As this artifact enters, look at an opponent's hand, then choose any card name. / Activated abilities of sources with the chosen name can't be activated unless they're mana abilities.
Grievous Wound	1	Trigger:Whenever enchanted player is dealt damage	Enchant player / Enchanted player can't gain life. / Whenever enchanted player is dealt damage, they lose half their life, rounded up.
Kylox's Voltstrider	2	Swallow:Condition_If;Swallow:Duration_UntilEndOfTurn	Collect evidence 6: This Vehicle becomes an artifact creature until end of turn. / Whenever this Vehicle attacks, you may cast an instant or sorcery spell from among cards exiled with it. If that spell would be put into a graveyard, put it on the bottom of its owner's library instead. / Crew 2
Dose of Dawnglow	1	Swallow:Condition_If	Return target creature card from your graveyard to the battlefield. Then if it isn't your main phase, blight 2. (Put two -1/-1 counters on a creature you control.)
Firebender Ascension	1	Trigger:Whenever a creature you control attacking causes a triggered ability of that creature to trigger	When this enchantment enters, create a 2/2 red Soldier creature token with firebending 1. / Whenever a creature you control attacking causes a triggered ability of that creature to trigger, put a quest counter on this enchantment. Then if it has four or more quest counters on it, you may copy that ability. You may choose new targets for the copy.
Noctis, Prince of Lucis	1	Swallow:Condition_If	Lifelink / You may cast artifact spells from your graveyard by paying 3 life in addition to paying their other costs. If you cast a spell this way, that artifact enters with a finality counter on it.
Season of Loss	0		Choose up to five {P} worth of modes. You may choose the same mode more than once. / {P} — Each player sacrifices a creature of their choice. / {P}{P} — Draw a card for each creature that died under your control this turn. / {P}{P}{P} — Each opponent loses X life, where X is the number of creature cards in your graveyard.
Consuming Ashes	1	Swallow:Condition_If	Exile target creature. If it had mana value 3 or less, surveil 2. (Look at the top two cards of your library, then put any number of them into your graveyard and the rest on top of your library in any order.)
Hama, the Bloodbender	1	Swallow:DynamicQty	When Hama enters, target opponent mills three cards. Exile up to one noncreature, nonland card from that player's graveyard. For as long as you control Hama, you may cast the exiled card during your turn by waterbending {X} rather than paying its mana cost, where X is its mana value. (While paying a waterbend cost, you can tap your artifacts and creatures to help. Each one pays for {1}.)
Faller's Faithful	2	Swallow:Condition_If;Swallow:Duration_ThisTurn	When this creature enters, destroy up to one other target creature. If that creature wasn't dealt damage this turn, its controller draws two cards.
The End	1	Effect:search	This spell costs {2} less to cast if your life total is 5 or less. / Exile target creature or planeswalker. Search its controller's graveyard, hand, and library for any number of cards with the same name as that permanent and exile them. That player shuffles, then draws a card for each card exiled from their hand this way.
Bre of Clan Stoutarm	1	Effect:otherwise	{1}{W}, {T}: Another target creature you control gains flying and lifelink until end of turn. / At the beginning of your end step, if you gained life this turn, exile cards from the top of your library until you exile a nonland card. You may cast that card without paying its mana cost if the spell's mana value is less than or equal to the amount of life you gained this turn. Otherwise, put it into your hand.
Parker Luck	1	Effect:lose	At the beginning of your end step, two target players each reveal the top card of their library. They each lose life equal to the mana value of the card revealed by the other player. Then they each put the card they revealed into their hand.
Sheriff of Safe Passage	1	Swallow:DynamicQty	This creature enters with a +1/+1 counter on it plus an additional +1/+1 counter on it for each other creature you control. / Plot {1}{W} (You may pay {1}{W} and exile this card from your hand. Cast it as a sorcery on a later turn without paying its mana cost. Plot only as a sorcery.)
Antiquities on the Loose	1	Swallow:Condition_If	Create two 2/2 red and white Spirit creature tokens. Then if this spell was cast from anywhere other than your hand, put a +1/+1 counter on each Spirit you control. / Flashback {4}{W}{W} (You may cast this card from your graveyard for its flashback cost. Then exile it.)
Tishana's Tidebinder	1	Swallow:Condition_AsLongAs	Flash / When this creature enters, counter up to one target activated or triggered ability. If an ability of an artifact, creature, or planeswalker is countered this way, that permanent loses all abilities for as long as this creature remains on the battlefield. (Mana abilities can't be targeted.)
Long Feng, Grand Secretariat	1	Trigger:Whenever another creature you control	Whenever another creature you control or a land you control is put into a graveyard from the battlefield, put a +1/+1 counter on target creature you control.
Transcendent Archaic	1	Swallow:Condition_If	Vigilance / Converge — When this creature enters, you may draw X cards, where X is the number of colors of mana spent to cast this spell. If you draw one or more cards this way, discard two cards.
Doppelgang	1	Effect:for	For each of X target permanents, create X tokens that are copies of that permanent.
Massacre Girl, Known Killer	1	Swallow:Condition_If	Menace / Creatures you control have wither. (They deal damage to creatures in the form of -1/-1 counters.) / Whenever a creature an opponent controls dies, if its toughness was less than 1, draw a card.
Sovereign Okinec Ahau	1	Effect:for	Ward {2} / Whenever Sovereign Okinec Ahau attacks, for each creature you control with power greater than that creature's base power, put a number of +1/+1 counters on that creature equal to the difference.
Starving Revenant	1	Effect:for	When this creature enters, surveil 2. Then for each card you put on top of your library, you draw a card and you lose 3 life. / Descend 8 — Whenever you draw a card, if there are eight or more permanent cards in your graveyard, target opponent loses 1 life and you gain 1 life.
Ral Zarek, Guest Lecturer	1	Swallow:DynamicQty	[+1]: Surveil 2. / [−1]: Any number of target players each discard a card. / [−2]: Return target creature card with mana value 3 or less from your graveyard to the battlefield. / [−7]: Flip five coins. Target opponent skips their next X turns, where X is the number of coins that came up heads.
Solstice Revelations	1	Swallow:DynamicQty	Exile cards from the top of your library until you exile a nonland card. You may cast that card without paying its mana cost if the spell's mana value is less than the number of Mountains you control. If you don't cast that card this way, put it into your hand. / Flashback {6}{R} (You may cast this card from your graveyard for its flashback cost. Then exile it.)
Celestial Reunion	1	Swallow:Condition_If	As an additional cost to cast this spell, you may choose a creature type and behold two creatures of that type. / Search your library for a creature card with mana value X or less, reveal it, put it into your hand, then shuffle. If this spell's additional cost was paid and the revealed card is the chosen type, put that card onto the battlefield instead of putting it into your hand.
Repulsive Mutation	1	Swallow:Condition_Unless	Put X +1/+1 counters on target creature you control. Then counter up to one target spell unless its controller pays mana equal to the greatest power among creatures you control.
Nicanzil, Current Conductor	2	Trigger:Whenever a creature you control explores a land card;Trigger:Whenever a creature you control explores a nonland card	Whenever a creature you control explores a land card, you may put a land card from your hand onto the battlefield tapped. / Whenever a creature you control explores a nonland card, put a +1/+1 counter on Nicanzil.
Another Round	1	Effect:repeat	Exile any number of creatures you control, then return them to the battlefield under their owner's control. Then repeat this process X more times.
Orbital Plunge	1	Swallow:Condition_If	Orbital Plunge deals 6 damage to target creature. If excess damage was dealt this way, create a Lander token. (It's an artifact with "{2}, {T}, Sacrifice this token: Search your library for a basic land card, put it onto the battlefield tapped, then shuffle.")
Take the Fall	1	Swallow:Condition_If	Target creature gets -1/-0 until end of turn. It gets -4/-0 until end of turn instead if you control an outlaw. (Assassins, Mercenaries, Pirates, Rogues, and Warlocks are outlaws.) / Draw a card.
Rottenmouth Viper	1	Effect:for	As an additional cost to cast this spell, you may sacrifice any number of nonland permanents. This spell costs {1} less to cast for each permanent sacrificed this way. / Whenever this creature enters or attacks, put a blight counter on it. Then for each blight counter on it, each opponent loses 4 life unless that player sacrifices a nonland permanent of their choice or discards a card.
Secret of Bloodbending	2	Effect:phase;Effect:you	As an additional cost to cast this spell, you may waterbend {10}. / You control target opponent during their next combat phase. If this spell's additional cost was paid, you control that player during their next turn instead. (You see all cards that player could see and make all decisions for them.) / Exile Secret of Bloodbending.
Reptilian Recruiter	1	Swallow:Condition_If	Trample / When this creature enters, choose target creature. If that creature's power is 2 or less or if you control another Lizard, gain control of that creature until end of turn, untap it, and it gains haste until end of turn.
Doc Aurlock, Grizzled Genius	1	Effect:static_structure	Spells you cast from your graveyard or from exile cost {2} less to cast. / Plotting cards from your hand costs {2} less.
Elenda, Saint of Dusk	0		Lifelink, hexproof from instants / As long as your life total is greater than your starting life total, Elenda gets +1/+1 and has menace. Elenda gets an additional +5/+5 as long as your life total is at least 10 greater than your starting life total.
Pit Automaton	2	Effect:orphaned_copy_retarget;Effect:when	Defender / {T}: Add {C}{C}. Spend this mana only to activate abilities. / {2}, {T}: When you next activate an exhaust ability that isn't a mana ability this turn, copy it. You may choose new targets for the copy.
Ozai, the Phoenix King	0		Trample, firebending 4, haste / If you would lose unspent mana, that mana becomes red instead. / Ozai has flying and indestructible as long as you have six or more unspent mana.
Emeritus of Ideation	1	ParseWarning:target-fallback	Flying, ward {2} / This creature enters prepared. / Whenever this creature attacks, you may exile eight cards from your graveyard. If you do, this creature becomes prepared.
Break the Spell	1	Swallow:Condition_If	Destroy target enchantment. If a permanent you controlled or a token was destroyed this way, draw a card.
Stalwart Successor	2	Swallow:Condition_If;Swallow:Duration_ThisTurn	Menace (This creature can't be blocked except by two or more creatures.) / Whenever one or more counters are put on a creature you control, if it's the first time counters have been put on that creature this turn, put a +1/+1 counter on that creature.
Zenos yae Galvus	1	Trigger:When the chosen creature leaves the battlefield	My First Friend — When Zenos yae Galvus enters, choose a creature an opponent controls. Until end of turn, creatures other than Zenos yae Galvus and the chosen creature get -2/-2. / When the chosen creature leaves the battlefield, transform Zenos yae Galvus.
The Skullspore Nexus	1	Effect:create	This spell costs {X} less to cast, where X is the greatest power among creatures you control. / Whenever one or more nontoken creatures you control die, create a green Fungus Dinosaur creature token with base power and toughness each equal to the total power of those creatures. / {2}, {T}: Double target creature's power until end of turn.
Call the Spirit Dragons	1	Effect:for	Dragons you control have indestructible. / At the beginning of your upkeep, for each color, put a +1/+1 counter on a Dragon you control of that color. If you put +1/+1 counters on five Dragons this way, you win the game.
Graceful Takedown	1	Effect:multi_source_compound_each_power_damage	Any number of target enchanted creatures you control and up to one other target creature you control each deal damage equal to their power to target creature you don't control.
Edgar, King of Figaro	1	Effect:unknown	When Edgar enters, draw a card for each artifact you control. / Two-Headed Coin — The first time you flip one or more coins each turn, those coins come up heads and you win those flips.
Symbiote Spider-Man	1	Effect:gain	Whenever this creature deals combat damage to a player, look at that many cards from the top of your library. Put one of them into your hand and the rest into your graveyard. / Find New Host — {2}{U/B}, Exile this card from your graveyard: Put a +1/+1 counter on target creature you control. It gains this card's other abilities. Activate only as a sorcery.
Karai, Future of the Foot	1	Swallow:Duration_ThisTurn	Sneak {2}{W}{B} (You may cast this spell for {2}{W}{B} if you also return an unblocked attacker you control to hand during the declare blockers step. She enters tapped and attacking.) / Whenever Karai deals combat damage to a player, return target creature card from your graveyard to your hand. If her sneak cost was paid this turn, instead return that card to the battlefield.
Moonlit Meditation	1	Effect:replacement_structure	Enchant artifact or creature you control / The first time you would create one or more tokens each turn, you may instead create that many tokens that are copies of enchanted permanent.
Surrak, Elusive Hunter	1	Trigger:Whenever a creature you control	This spell can't be countered. / Trample / Whenever a creature you control or a creature spell you control becomes the target of a spell or ability an opponent controls, draw a card.
Steer Clear	1	Swallow:Condition_If	Steer Clear deals 2 damage to target attacking or blocking creature. Steer Clear deals 4 damage to that creature instead if you controlled a Mount as you cast this spell.
Become Brutes	1	Effect:for	One or two target creatures each gain haste until end of turn. For each of those creatures, create a Monster Role token attached to it. (If you control another Role on it, put that one into the graveyard. Enchanted creature gets +1/+1 and has trample.)
Tifa's Limit Break	0		Tiered (Choose one additional cost.) / • Somersault — {0} — Target creature gets +2/+2 until end of turn. / • Meteor Strikes — {2} — Double target creature's power and toughness until end of turn. / • Final Heaven — {6}{G} — Triple target creature's power and toughness until end of turn.
Balthier and Fran	1	Trigger:Whenever a Vehicle crewed by ~ this turn attacks	Reach / Vehicles you control get +1/+1 and have vigilance and reach. / Whenever a Vehicle crewed by Balthier and Fran this turn attacks, if it's the first combat phase of the turn, you may pay {1}{R}{G}. If you do, after this phase, there is an additional combat phase.
Quistis Trepe	1	Swallow:Condition_If	Blue Magic — When Quistis Trepe enters, you may cast target instant or sorcery card from a graveyard, and mana of any type can be spent to cast that spell. If that spell would be put into a graveyard, exile it instead.
Warped Space	1	Effect:unknown	Once each turn, you may pay {0} rather than pay the mana cost for a spell you cast from exile. / (You may cast either half. That door unlocks on the battlefield. As a sorcery, you may pay the mana cost of a locked door to unlock it.)
Urgent Necropsy	1	Swallow:DynamicQty	As an additional cost to cast this spell, collect evidence X, where X is the total mana value of the permanents this spell targets. / Destroy up to one target artifact, up to one target creature, up to one target enchantment, and up to one target planeswalker.
Suki, Courageous Rescuer	1	Trigger:Whenever another permanent you control leaves the battlefield during your turn	Other creatures you control get +1/+0. / Whenever another permanent you control leaves the battlefield during your turn, create a 1/1 white Ally creature token. This ability triggers only once each turn.
Spelunking	1	Swallow:Condition_If	When this enchantment enters, draw a card, then you may put a land card from your hand onto the battlefield. If you put a Cave onto the battlefield this way, you gain 4 life. / Lands you control enter untapped.
Leonardo, Sewer Samurai	2	Swallow:Condition_If;Swallow:Optional_YouMay	Sneak {2}{W}{W} / Double strike / During your turn, you may cast creature spells with power or toughness 1 or less from your graveyard. If you cast a spell this way, that creature enters with a finality counter on it. (If a creature with a finality counter on it would die, exile it instead.)
Warden of the Grove	1	Swallow:DynamicQty	At the beginning of your end step, put a +1/+1 counter on this creature. / Whenever another nontoken creature you control enters, it endures X, where X is the number of counters on this creature. (Put X +1/+1 counters on the creature that entered or create an X/X white Spirit creature token.)
Dragonfire Blade	1	Swallow:DynamicQty	Equipped creature gets +2/+2 and has hexproof from monocolored. / Equip {4}. This ability costs {1} less to activate for each color of the creature it targets.
Nowhere to Run	1	Effect:static_structure	Flash / When this enchantment enters, target creature an opponent controls gets -3/-3 until end of turn. / Creatures your opponents control can be the targets of spells and abilities as though they didn't have hexproof. Ward abilities of those creatures don't trigger.
Suspend Aggression	1	Swallow:DynamicQty	Exile target nonland permanent and the top card of your library. For each of those cards, its owner may play it until the end of their next turn.
Dissection Practice	0		Target opponent loses 1 life and you gain 1 life. / Up to one target creature gets +1/+1 until end of turn. / Up to one target creature gets -1/-1 until end of turn.
Tin Street Gossip	1	Effect:spend	Vigilance / {T}: Add {R}{G}. Spend this mana only to cast face-down spells or to turn creatures face up.
Town Greeter	1	Swallow:Condition_If	When this creature enters, mill four cards. You may put a land card from among them into your hand. If you put a Town card into your hand this way, you gain 2 life. (To mill four cards, a player puts the top four cards of their library into their graveyard.)
Sandman, Shifting Scoundrel	1	Effect:target	Sandman's power and toughness are each equal to the number of lands you control. / Sandman can't be blocked by creatures with power 2 or less. / {3}{G}{G}: Return this card and target land card from your graveyard to the battlefield tapped.
Raubahn, Bull of Ala Mhigo	1	Swallow:DynamicQty	Ward—Pay life equal to Raubahn's power. / Whenever Raubahn attacks, attach up to one target Equipment you control to target attacking creature.
Taster of Wares	1	Swallow:DynamicQty	When this creature enters, target opponent reveals X cards from their hand, where X is the number of Goblins you control. You choose one of those cards. That player exiles it. If an instant or sorcery card is exiled this way, you may cast it for as long as you control this creature, and mana of any type can be spent to cast that spell.
Torch the Witness	1	Swallow:Condition_If	Torch the Witness deals twice X damage to target creature. If excess damage was dealt to that creature this way, investigate. (Create a Clue token. It's an artifact with "{2}, Sacrifice this token: Draw a card.")
Agency Coroner	1	Swallow:Condition_If	{2}{B}, Sacrifice another creature: Draw a card. If the sacrificed creature was suspected, draw two cards instead.
Spinerock Tyrant	1	Effect:orphaned_copy_retarget	Flying / Wither (This deals damage to creatures in the form of -1/-1 counters.) / Whenever you cast an instant or sorcery spell with a single target, you may copy it. If you do, those spells gain wither. You may choose new targets for the copy.
Bonecache Overseer	1	Swallow:Condition_If	{T}, Pay 1 life: Draw a card. Activate only if three or more cards left your graveyard this turn or if you've sacrificed a Food this turn.
Matzalantli, the Great Door	1	Swallow:Condition_If	{T}: Draw a card, then discard a card. / {4}, {T}: Transform Matzalantli. Activate only if there are four or more permanent types among cards in your graveyard. (Artifact, battle, creature, enchantment, land, and planeswalker are permanent types.)
Fire Magic	0		Tiered (Choose one additional cost.) / • Fire — {0} — Fire Magic deals 1 damage to each creature. / • Fira — {2} — Fire Magic deals 2 damage to each creature. / • Firaga — {5} — Fire Magic deals 3 damage to each creature.
Bounding Felidar	1	Swallow:DynamicQty	Whenever this creature attacks while saddled, put a +1/+1 counter on each other creature you control. You gain 1 life for each of those creatures. / Saddle 2 (Tap any number of other creatures you control with total power 2 or more: This Mount becomes saddled until end of turn. Saddle only as a sorcery.)
Throne of the Grim Captain	0		{T}: Mill two cards. / Craft with a Dinosaur, a Merfolk, a Pirate, and a Vampire {4} ({4}, Exile this artifact, Exile the four from among permanents you control and/or cards in your graveyard: Return this card transformed under its owner's control. Craft only as a sorcery.)
Dawnhand Dissident	1	Effect:unknown	{T}, Blight 1: Surveil 1. / {T}, Blight 2: Exile target card from a graveyard. / During your turn, you may cast creature spells from among cards you own exiled with this creature by removing three counters from among creatures you control in addition to paying their other costs.
Niko, Light of Hope	1	Effect:shards	When Niko enters, create two Shard tokens. (They're enchantments with "{2}, Sacrifice this token: Scry 1, then draw a card.") / {2}, {T}: Exile target nonlegendary creature you control. Shards you control become copies of it until the next end step. Return it to the battlefield under its owner's control at the beginning of the next end step.
Racers' Scoreboard	0		Start your engines! (If you have no speed, it starts at 1. It increases once on each of your turns when an opponent loses life. Max speed is 4.) / When this artifact enters, draw two cards, then discard a card. / Max speed — Spells you cast cost {1} less to cast.
Choreographed Sparks	1	Effect:the	This spell can't be copied. / Choose one or both — / • Copy target instant or sorcery spell you control. You may choose new targets for the copy. / • Copy target creature spell you control. The copy gains haste and "At the beginning of the end step, sacrifice this token."
Reno and Rude	1	Swallow:Duration_ThisTurn	Menace / Whenever Reno and Rude deals combat damage to a player, exile the top card of that player's library. Then you may sacrifice another creature or artifact. If you do, you may play the exiled card this turn, and mana of any type can be spent to cast it.
Corpseberry Cultivator	1	Trigger:Whenever you forage	At the beginning of combat on your turn, you may forage. (Exile three cards from your graveyard or sacrifice a Food.) / Whenever you forage, put a +1/+1 counter on this creature.
Otterball Antics	1	Swallow:Condition_If	Create a 1/1 blue and red Otter creature token with prowess. If this spell was cast from anywhere other than your hand, put a +1/+1 counter on that creature. (Whenever you cast a noncreature spell, a creature with prowess gets +1/+1 until end of turn.) / Flashback {3}{U} (You may cast this card from your graveyard for its flashback cost. Then exile it.)
Grub, Notorious Auntie	1	ParseWarning:target-fallback	Menace / Whenever Grub attacks, you may blight 1. If you do, create a tapped and attacking token that's a copy of the blighted creature, except it has "At the beginning of the end step, sacrifice this token." / At the beginning of your first main phase, you may pay {B}. If you do, transform Grub.
Restless Prairie	0		This land enters tapped. / {T}: Add {G} or {W}. / {2}{G}{W}: This land becomes a 3/3 green and white Llama creature until end of turn. It's still a land. / Whenever this land attacks, other creatures you control get +1/+1 until end of turn.
Timeline Culler	0		Haste / You may cast this card from your graveyard using its warp ability. / Warp—{B}, Pay 2 life. (You may cast this card from your hand or graveyard for its warp cost. If you do, exile this creature at the beginning of the next end step, then you may cast it from exile on a later turn.)
Kishla Skimmer	1	Trigger:Whenever a card leaves your graveyard during your turn	Flying / Whenever a card leaves your graveyard during your turn, draw a card. This ability triggers only once each turn.
Sharp-Eyed Rookie	1	Swallow:Condition_If	Vigilance / Whenever a creature you control enters, if its power is greater than this creature's power or its toughness is greater than this creature's toughness, put a +1/+1 counter on this creature and investigate. (Create a Clue token. It's an artifact with "{2}, Sacrifice this token: Draw a card.")
Thunder Magic	0		Tiered (Choose one additional cost.) / • Thunder — {0} — Thunder Magic deals 2 damage to target creature. / • Thundara — {3} — Thunder Magic deals 4 damage to target creature. / • Thundaga — {5}{R} — Thunder Magic deals 8 damage to target creature.
Undead Sprinter	1	Swallow:Condition_If	Trample, haste / You may cast this card from your graveyard if a non-Zombie creature died this turn. If you do, this creature enters with a +1/+1 counter on it.
Memory Vessel	1	Effect:players	{T}, Exile this artifact: Each player exiles the top seven cards of their library. Until your next turn, players may play cards they exiled this way, and they can't play cards from their hand. Activate only as a sorcery.
Sandswirl Wanderglyph	2	Effect:can't;Effect:static_structure	Flying / Whenever an opponent casts a spell during their turn, they can't attack you or planeswalkers you control this turn. / Each opponent who attacked you or a planeswalker you control this turn can't cast spells.
Fractalize	1	Swallow:DynamicQty	Until end of turn, target creature becomes a green and blue Fractal with base power and toughness each equal to X plus 1. (It loses all other colors and creature types.)
Subterranean Schooner	1	Swallow:Duration_ThisTurn	Whenever this Vehicle attacks, target creature that crewed it this turn explores. (Reveal the top card of your library. Put that card into your hand if it's a land. Otherwise, put a +1/+1 counter on that creature, then put the card back or put it into your graveyard.) / Crew 1
Lashwhip Predator	1	Swallow:Condition_If	This spell costs {2} less to cast if your opponents control three or more creatures. / Reach
Full Bore	1	Swallow:Condition_If	Target creature you control gets +3/+2 until end of turn. If that creature was cast for its warp cost, it also gains trample and haste until end of turn.
Valgavoth, Terror Eater	1	Swallow:Condition_If	Flying, lifelink / Ward—Sacrifice three nonland permanents. / If a card you didn't control would be put into an opponent's graveyard from anywhere, exile it instead. / During your turn, you may play cards exiled with Valgavoth. If you cast a spell this way, pay life equal to its mana value rather than pay its mana cost.
Agatha of the Vile Cauldron	1	Effect:static_structure	Activated abilities of creatures you control cost {X} less to activate, where X is Agatha's power. This effect can't reduce the mana in that cost to less than one mana. / {4}{R}{G}: Other creatures you control get +1/+1 and gain trample and haste until end of turn.
Cavernous Maw	2	Swallow:Condition_If;Swallow:DynamicQty	{T}: Add {C}. / {2}: This land becomes a 3/3 Elemental creature until end of turn. It's still a Cave land. Activate only if the number of other Caves you control plus the number of Cave cards in your graveyard is three or greater.
Cloud, Planet's Champion	1	Swallow:Condition_AsLongAs	During your turn, as long as Cloud is equipped, it has double strike and indestructible. (This creature deals both first-strike and regular combat damage. Damage and effects that say "destroy" don't destroy this creature.) / Equip abilities you activate that target Cloud cost {2} less to activate.
Deadly Cover-Up	1	Effect:search	As an additional cost to cast this spell, you may collect evidence 6. / Destroy all creatures. If evidence was collected, exile a card from an opponent's graveyard. Then search its owner's graveyard, hand, and library for any number of cards with that name and exile them. That player shuffles, then draws a card for each card exiled from their hand this way.
Ertha Jo, Frontier Mentor	1	Trigger:Whenever you activate an ability that targets a creature or player	When Ertha Jo enters, create a 1/1 red Mercenary creature token with "{T}: Target creature you control gets +1/+0 until end of turn. Activate only as a sorcery." / Whenever you activate an ability that targets a creature or player, copy that ability. You may choose new targets for the copy.
Foraging Wickermaw	1	Effect:become	When this creature enters, surveil 1. (Look at the top card of your library. You may put it into your graveyard.) / {1}: Add one mana of any color. This creature becomes that color until end of turn. Activate only once each turn.
Sonic Shrieker	1	Swallow:Condition_If	Flying / When this creature enters, it deals 2 damage to any target and you gain 2 life. If a player is dealt damage this way, they discard a card.
Kambal, Profiteering Mayor	1	Swallow:DynamicQty	Whenever one or more tokens your opponents control enter, for each of them, create a tapped token that's a copy of it. This ability triggers only once each turn. / Whenever one or more tokens you control enter, each opponent loses 1 life and you gain 1 life.
The Rollercrusher Ride	1	Swallow:Condition_If	Delirium — If a source you control would deal noncombat damage to a permanent or player while there are four or more card types among cards in your graveyard, it deals double that damage instead. / When The Rollercrusher Ride enters, it deals X damage to each of up to X target creatures.
Temple of the Dead	1	Swallow:Condition_If	(Transforms from Aclazotz, Deepest Betrayal.) / {T}: Add {B}. / {2}{B}, {T}: Transform this land. Activate only if a player has one or fewer cards in hand and only as a sorcery.
Mutable Explorer	1	Effect:create	Changeling (This card is every creature type.) / When this creature enters, create a tapped Mutavault token. (It's a land with "{T}: Add {C}" and "{1}: This token becomes a 2/2 creature with all creature types until end of turn. It's still a land.")
Temple of Cyclical Time	1	Swallow:Condition_If	(Transforms from Ojer Pakpatiq, Deepest Epoch.) / {T}: Add {U}. Remove a time counter from this land. / {2}{U}, {T}: Transform this land. Activate only if it has no time counters on it and only as a sorcery.
Treacherous Greed	1	Swallow:Duration_ThisTurn	As an additional cost to cast this spell, sacrifice a creature that dealt damage this turn. / Draw three cards. Each opponent loses 3 life and you gain 3 life.
Zaffai and the Tempests	1	Swallow:Optional_YouMay	Once during each of your turns, you may cast an instant or sorcery spell from your hand without paying its mana cost.
Maximum Carnage	1	Swallow:Condition_If	(As this Saga enters and after your draw step, add a lore counter. Sacrifice after III.) / I — Until your next turn, each creature attacks each combat if able and attacks a player other than you if able. / II — Add {R}{R}{R}. / III — This Saga deals 5 damage to each opponent.
Koh, the Face Stealer	2	Effect:choose;Effect:static_structure	When Koh enters, exile up to one other target creature. / Whenever another nontoken creature dies, you may exile it. / Pay 1 life: Choose a creature card exiled with Koh. / Koh has all activated and triggered abilities of the last chosen card.
Hades, Sorcerer of Eld	1	Swallow:Optional_YouMay	Vigilance / Echo of the Lost — During your turn, you may play cards from your graveyard. / If a card or token would be put into your graveyard from anywhere, exile it instead.
Stolen Uniform	1	Effect:when	Choose target creature you control and target Equipment. Gain control of that Equipment until end of turn. Attach it to the chosen creature. When you lose control of that Equipment this turn, if it's attached to a creature you control, unattach it.
Mockingbird	1	Swallow:DynamicQty	Flying / You may have this creature enter as a copy of any creature on the battlefield with mana value less than or equal to the amount of mana spent to cast this creature, except it's a Bird in addition to its other types and it has flying.
Weftwalking	1	Effect:unknown	When this enchantment enters, if you cast it, shuffle your hand and graveyard into your library, then draw seven cards. / The first spell each player casts during each of their turns may be cast without paying its mana cost.
Brilliance Unleashed	1	Effect:it's	Choose one or both — / • Brilliance Unleashed deals 5 damage to target creature. / • Choose target artifact card in your graveyard. Return it to the battlefield if it's an artifact creature card. Otherwise, return it to the battlefield and it's a 3/3 Robot artifact creature with flying.
Sold Out	2	Swallow:Condition_If;Swallow:Duration_ThisTurn	Exile target creature. If it was dealt damage this turn, create a Clue token. (It's an artifact with "{2}, Sacrifice this token: Draw a card.")
Waterbending Lesson	1	Swallow:Condition_Unless	Draw three cards. Then discard a card unless you waterbend {2}. (While paying a waterbend cost, you can tap your artifacts and creatures to help. Each one pays for {1}.)
Streaking Oilgorger	0		Flying, haste / Start your engines! (If you have no speed, it starts at 1. It increases once on each of your turns when an opponent loses life. Max speed is 4.) / Max speed — This creature has lifelink.
Expose the Culprit	1	Effect:shuffle	Choose one or both — / • Turn target face-down creature face up. / • Exile any number of face-up creatures you control with disguise in a face-down pile, shuffle that pile, then cloak them. (To cloak a card, put it onto the battlefield face down as a 2/2 creature with ward {2}. Turn it face up any time for its mana cost if it's a creature card.)
Leyline of Transformation	1	Effect:unknown	If this card is in your opening hand, you may begin the game with it on the battlefield. / As this enchantment enters, choose a creature type. / Creatures you control are the chosen type in addition to their other types. The same is true for creature spells you control and creature cards you own that aren't on the battlefield.
Rhys, the Evermore	1	Effect:remove	Flash / When Rhys enters, another target creature you control gains persist until end of turn. (When it dies, if it had no -1/-1 counters on it, return it to the battlefield under its owner's control with a -1/-1 counter on it.) / {W}, {T}: Remove any number of counters from target creature you control. Activate only as a sorcery.
Fear of Immobility	1	Swallow:Condition_If	When this creature enters, tap up to one target creature. If an opponent controls that creature, put a stun counter on it. (If a permanent with a stun counter would become untapped, remove one from it instead.)
Alania, Divergent Storm	1	Effect:the	Whenever you cast a spell, if it's the first instant spell, the first sorcery spell, or the first Otter spell other than Alania you've cast this turn, you may have target opponent draw a card. If you do, copy that spell. You may choose new targets for the copy.
Luxurious Locomotive	1	Swallow:DynamicQty	Whenever this Vehicle attacks, create a Treasure token for each creature that crewed it this turn. (They're artifacts with "{T}, Sacrifice this token: Add one mana of any color.") / Crew 1. Activate only once each turn. (Tap any number of creatures you control with total power 1 or more: This Vehicle becomes an artifact creature until end of turn.)
Sharae of Numbing Depths	1	Trigger:Whenever you tap one or more untapped creatures your opponents control	When Sharae enters, tap target creature an opponent controls and put a stun counter on it. (If a permanent with a stun counter would become untapped, remove one from it instead.) / Whenever you tap one or more untapped creatures your opponents control, draw a card. This ability triggers only once each turn.
Unstable Glyphbridge	1	Effect:for	When this artifact enters, if you cast it, for each player, choose a creature with power 2 or less that player controls. Then destroy all creatures except creatures chosen this way. / Craft with artifact {3}{W}{W} ({3}{W}{W}, Exile this artifact, Exile another artifact you control or an artifact card from your graveyard: Return this card transformed under its owner's control. Craft only as a sorcery.)
Fearless Swashbuckler	1	Swallow:Condition_If	Haste / Vehicles you control have haste. / Whenever you attack, if a Pirate and a Vehicle attacked this combat, draw three cards, then discard two cards.
Rubblebelt Braggart	1	Swallow:Condition_If	Whenever this creature attacks, if it's not suspected, you may suspect it. (A suspected creature has menace and can't block.)
Throw from the Saddle	2	Swallow:Condition_If;Swallow:DynamicQty	Target creature you control gets +1/+1 until end of turn. Put a +1/+1 counter on it instead if it's a Mount. Then it deals damage equal to its power to target creature you don't control.
Locus of Enlightenment	1	Effect:static_structure	Locus of Enlightenment has each activated ability of the exiled cards used to craft it. You may activate each of those abilities only once each turn. / Whenever you activate an ability that isn't a mana ability, copy it. You may choose new targets for the copy.
Wojek Investigator	1	Swallow:DynamicQty	Flying, vigilance / At the beginning of your upkeep, investigate once for each opponent who has more cards in hand than you. (To investigate, create a Clue token. It's an artifact with "{2}, Sacrifice this token: Draw a card.")
Cinder Strike	1	Swallow:Condition_If	As an additional cost to cast this spell, you may blight 1. (You may put a -1/-1 counter on a creature you control.) / Cinder Strike deals 2 damage to target creature. It deals 4 damage to that creature instead if this spell's additional cost was paid.
Pyromancer's Goggles	2	Effect:orphaned_copy_retarget;Effect:when	{T}: Add {R}. When that mana is spent to cast a red instant or sorcery spell, copy that spell and you may choose new targets for the copy.
Omniscience	1	Swallow:Optional_YouMay	You may cast spells from your hand without paying their mana costs.
Puca's Eye	1	Swallow:Condition_If	When this artifact enters, draw a card, then choose a color. This artifact becomes the chosen color. / {3}, {T}: Draw a card. Activate only if there are five colors among permanents you control.
Nesting Bot	0		Start your engines! (If you have no speed, it starts at 1. It increases once on each of your turns when an opponent loses life. Max speed is 4.) / When this creature dies, create a 1/1 colorless Servo artifact creature token. / Max speed — This creature gets +1/+0.
Eriette, the Beguiler	1	Trigger:Whenever an Aura you control becomes attached to a nonland permanent an opponent controls with mana value less than or equal to that Aura's mana value	Lifelink / Whenever an Aura you control becomes attached to a nonland permanent an opponent controls with mana value less than or equal to that Aura's mana value, gain control of that permanent for as long as that Aura is attached to it.
Torch the Tower	1	Swallow:Duration_ThisTurn	Bargain (You may sacrifice an artifact, enchantment, or token as you cast this spell.) / Torch the Tower deals 2 damage to target creature or planeswalker. If this spell was bargained, instead it deals 3 damage to that permanent and you scry 1. / If a permanent dealt damage by Torch the Tower would die this turn, exile it instead.
Molten Exhale	1	Swallow:Condition_If	You may cast this spell as though it had flash if you behold a Dragon as an additional cost to cast it. (To behold a Dragon, choose a Dragon you control or reveal a Dragon card from your hand.) / Molten Exhale deals 4 damage to target creature or planeswalker.
Ultimate Spider-Man	1	Swallow:DynamicQty	First strike, haste / Camouflage — {2}: Put a +1/+1 counter on Ultimate Spider-Man. He gains hexproof and becomes colorless until end of turn. / Whenever you attack, double the number of each kind of counter on each Spider and legendary creature you control.
Outrageous Robbery	1	Effect:spend	Target opponent exiles the top X cards of their library face down. You may look at and play those cards for as long as they remain exiled. If you cast a spell this way, you may spend mana as though it were mana of any type to cast it.
The Legend of Yangchen	1	Effect:choose	(As this Saga enters and after your draw step, add a lore counter.) / I — Starting with you, each player chooses up to one permanent with mana value 3 or greater from among permanents your opponents control. Exile those permanents. / II — You may have target opponent draw three cards. If you do, draw three cards. / III — Exile this Saga, then return it to the battlefield transformed under your control.
The Millennium Calendar	2	Trigger:When there are 1,000 or more time counters on ~;Trigger:Whenever you untap one or more permanents during your untap step	Whenever you untap one or more permanents during your untap step, put that many time counters on The Millennium Calendar. / {2}, {T}: Double the number of time counters on The Millennium Calendar. / When there are 1,000 or more time counters on The Millennium Calendar, sacrifice it and each opponent loses 1,000 life.
Esper Terra	2	Effect:add;Effect:put	(As this Saga enters and after your draw step, add a lore counter.) / I, II, III — Create a token that's a copy of target nonlegendary enchantment you control. It gains haste. If it's a Saga, put up to three lore counters on it. Sacrifice it at the beginning of your next end step. / IV — Add {W}{W}, {U}{U}, {B}{B}, {R}{R}, and {G}{G}. Exile Esper Terra, then return it to the battlefield (front face up). / Flying
Diligent Zookeeper	1	Swallow:DynamicQty	Each non-Human creature you control gets +1/+1 for each of its creature types, to a maximum of 10.
A Killer Among Us	1	Swallow:Condition_If	When this enchantment enters, create a 1/1 white Human creature token, a 1/1 blue Merfolk creature token, and a 1/1 red Goblin creature token. Then secretly choose Human, Merfolk, or Goblin. / Sacrifice this enchantment, Reveal the creature type you chose: If target attacking creature token is the chosen type, put three +1/+1 counters on it and it gains deathtouch until end of turn.
Thousand-Year Storm	1	Swallow:DynamicQty	Whenever you cast an instant or sorcery spell, copy it for each other instant and sorcery spell you've cast before it this turn. You may choose new targets for the copies.
The Dominion Bracelet	1	Effect:this	Equipped creature gets +1/+1 and has "{15}, Exile The Dominion Bracelet: You control target opponent during their next turn. This ability costs {X} less to activate, where X is this creature's power. Activate only as a sorcery." (You see all cards that player could see and make all decisions for them.) / Equip {1}
Oviya, Automech Artisan	1	Swallow:Condition_If	Each creature that's attacking one of your opponents has trample. / {G}, {T}: You may put a creature or Vehicle card from your hand onto the battlefield. If you put an artifact onto the battlefield this way, put two +1/+1 counters on it.
Cecil, Dark Knight	0		Deathtouch / Darkness — Whenever Cecil deals damage, you lose that much life. Then if your life total is less than or equal to half your starting life total, untap Cecil and transform it.
Grab the Prize	1	Swallow:Condition_If	As an additional cost to cast this spell, discard a card. / Draw two cards. If the discarded card wasn't a land card, Grab the Prize deals 2 damage to each opponent.
Katara, Water Tribe's Hope	1	Swallow:ActivateOnlyDuring	Vigilance / When Katara enters, create a 1/1 white Ally creature token. / Waterbend {X}: Creatures you control have base power and toughness X/X until end of turn. X can't be 0. Activate only during your turn. (While paying a waterbend cost, you can tap your artifacts and creatures to help. Each one pays for {1}.)
Stargaze	1	Effect:look	Look at twice X cards from the top of your library. Put X cards from among them into your hand and the rest into your graveyard. You lose X life.
Ojer Axonil, Deepest Might	1	Swallow:DynamicQty	Trample / If a red source you control would deal an amount of noncombat damage less than Ojer Axonil's power to an opponent, that source deals damage equal to Ojer Axonil's power instead. / When Ojer Axonil dies, return it to the battlefield tapped and transformed under its owner's control.
Spider-Verse	1	Effect:orphaned_copy_retarget	The "legend rule" doesn't apply to Spiders you control. / Whenever you cast a spell from anywhere other than your hand, you may copy it. If you do, you may choose new targets for the copy. If the copy is a permanent spell, it gains haste. Do this only once each turn.
Dracogenesis	1	Swallow:Optional_YouMay	You may cast Dragon spells without paying their mana costs.
Portent of Calamity	1	Swallow:Condition_If	Reveal the top X cards of your library. For each card type, you may exile a card of that type from among them. Put the rest into your graveyard. You may cast a spell from among the exiled cards without paying its mana cost if you exiled four or more cards this way. Then put the rest of the exiled cards into your hand.
Knight of Malice	0		First strike (This creature deals combat damage before creatures without first strike.) / Hexproof from white (This creature can't be the target of white spells or abilities your opponents control.) / This creature gets +1/+0 as long as any player controls a white permanent.
Driftgloom Coyote	1	Swallow:Condition_If	When this creature enters, exile target creature an opponent controls until this creature leaves the battlefield. If that creature had power 2 or less, put a +1/+1 counter on this creature.
Combustion Man	1	Effect:Unsupported unless clause	Whenever Combustion Man attacks, destroy target permanent unless its controller has Combustion Man deal damage to them equal to his power.
Rakdos, the Muscle	1	Swallow:DynamicQty	Flying, trample / Whenever you sacrifice another creature, exile cards equal to its mana value from the top of target player's library. Until your next end step, you may play those cards, and mana of any type can be spent to cast those spells. / Sacrifice another creature: Rakdos gains indestructible until end of turn. Tap it. Activate only once each turn.
Walking Sarcophagus	0		Start your engines! (If you have no speed, it starts at 1. It increases once on each of your turns when an opponent loses life. Max speed is 4.) / Max speed — This creature gets +1/+2.
Coiling Rebirth	1	Swallow:Condition_If	Gift a card (You may promise an opponent a gift as you cast this spell. If you do, they draw a card before its other effects.) / Return target creature card from your graveyard to the battlefield. Then if the gift was promised and that creature isn't legendary, create a token that's a copy of that creature, except it's 1/1.
Master's Manufactory	1	Swallow:Condition_If	{T}: Create a 4/4 white and blue Golem artifact creature token. Activate only if this artifact or another artifact entered the battlefield under your control this turn.
Curator of Sun's Creation	2	Effect:discover;Trigger:Whenever you discover	Whenever you discover, discover again for the same value. This ability triggers only once each turn.
Cache Grab	1	Swallow:Condition_If	Mill four cards. You may put a permanent card from among the cards milled this way into your hand. If you control a Squirrel or returned a Squirrel card to your hand this way, create a Food token. (To mill four cards, put the top four cards of your library into your graveyard. A Food token is an artifact with "{2}, {T}, Sacrifice this token: You gain 3 life.")
Sarkhan, Dragon Ascendant	1	Effect:behold	When Sarkhan enters, you may behold a Dragon. If you do, create a Treasure token. (To behold a Dragon, choose a Dragon you control or reveal a Dragon card from your hand.) / Whenever a Dragon you control enters, put a +1/+1 counter on Sarkhan. Until end of turn, Sarkhan becomes a Dragon in addition to its other types and gains flying.
Gastal Raider	0		Start your engines! / When this creature enters, target opponent reveals their hand. You choose an instant or sorcery card from it. That player discards that card. / Max speed — This creature gets +1/+1 and has menace.
Hundred-Battle Veteran	0		As long as there are three or more different kinds of counters among creatures you control, this creature gets +2/+4. / You may cast this card from your graveyard. If you do, it enters with a finality counter on it. (If a creature with a finality counter on it would die, exile it instead.)
Yenna, Redtooth Regent	1	Swallow:Condition_If	{2}, {T}: Choose target enchantment you control that doesn't have the same name as another permanent you control. Create a token that's a copy of it, except it isn't legendary. If the token is an Aura, untap Yenna, then scry 2. Activate only as a sorcery.
Innocent Bystander	1	Trigger:Whenever ~ is dealt 3 or more damage	Whenever this creature is dealt 3 or more damage, investigate. (Create a Clue token. It's an artifact with "{2}, Sacrifice this token: Draw a card.")
Lady Octopus, Inspired Inventor	1	Trigger:Whenever you draw your first or second card each turn	Whenever you draw your first or second card each turn, put an ingenuity counter on Lady Octopus. / {T}: You may cast an artifact spell from your hand with mana value less than or equal to the number of ingenuity counters on Lady Octopus without paying its mana cost.
Neriv, Heart of the Storm	1	Swallow:DynamicQty	Flying / If a creature you control that entered this turn would deal damage, it deals twice that much damage instead.
Trance Kuja, Fate Defied	1	Swallow:Condition_If	Flare Star — If a Wizard you control would deal damage to a permanent or player, it deals double that damage instead.
Vanille, Cheerful l'Cie	1	Effect:fearless	When Vanille enters, mill two cards, then return a permanent card from your graveyard to your hand. / At the beginning of your first main phase, if you both own and control Vanille and a creature named Fang, Fearless l'Cie, you may pay {3}{B}{G}. If you do, exile them, then meld them into Ragnarok, Divine Deliverance.
Riku of Many Paths	1	Swallow:DynamicQty	Whenever you cast a modal spell, choose up to X, where X is the number of times you chose a mode for that spell — / • Exile the top card of your library. Until the end of your next turn, you may play it. / • Put a +1/+1 counter on Riku. It gains trample until end of turn. / • Create a 1/1 blue Bird creature token with flying.
Zimone, All-Questioning	1	Swallow:Duration_ThisTurn	At the beginning of your end step, if a land entered the battlefield under your control this turn and you control a prime number of lands, create Primo, the Indivisible, a legendary 0/0 green and blue Fractal creature token, then put that many +1/+1 counters on it. (2, 3, 5, 7, 11, 13, 17, 19, 23, 29, and 31 are prime numbers.)
The Tomb of Aclazotz	1	Effect:it	(Transforms from Tarrian's Journal.) / {T}: Add {B}. / {T}: You may cast a creature spell from your graveyard this turn. If you do, it enters with a finality counter on it and is a Vampire in addition to its other types. (If a creature with a finality counter on it would die, exile it instead.)
Blasphemous Edict	1	Swallow:Condition_If	You may pay {B} rather than pay this spell's mana cost if there are thirteen or more creatures on the battlefield. / Each player sacrifices thirteen creatures of their choice.
Bumi, King of Three Trials	1	Swallow:DynamicQty	When Bumi enters, choose up to X, where X is the number of Lesson cards in your graveyard — / • Put three +1/+1 counters on Bumi. / • Target player scries 3. / • Earthbend 3. (Target land you control becomes a 0/0 creature with haste that's still a land. Put three +1/+1 counters on it. When it dies or is exiled, return it to the battlefield tapped.)
Slumbering Trudge	1	Swallow:Condition_If	This creature enters with a number of stun counters on it equal to three minus X. If X is 2 or less, it enters tapped. (If a permanent with a stun counter would become untapped, remove one from it instead.)
Braided Net	1	Swallow:Condition_AsLongAs	This artifact enters with three net counters on it. / {T}, Remove a net counter from this artifact: Tap another target nonland permanent. Its activated abilities can't be activated for as long as it remains tapped. / Craft with artifact {1}{U}
Party Dude	1	Trigger:Whenever one or more of your opponents are attacked	(Gain the next level as a sorcery to add its ability.) / When this Class enters, each player creates a Food token. / {1}{G}: Level 2 / Whenever an artifact an opponent controls is put into a graveyard from the battlefield, draw a card. / {4}{G}: Level 3 / Whenever one or more of your opponents are attacked, up to one target attacking creature gets +X/+X until end of turn, where X is the number of cards in your hand.
Burnout Bashtronaut	0		Menace / Start your engines! (If you have no speed, it starts at 1. It increases once on each of your turns when an opponent loses life. Max speed is 4.) / {2}: This creature gets +1/+0 until end of turn. / Max speed — This creature has double strike.
No Witnesses	1	Effect:the	Each player who controls the most creatures investigates. Then destroy all creatures. (To investigate, create a Clue token. It's an artifact with "{2}, Sacrifice this token: Draw a card.")
Charging Hooligan	1	Swallow:Condition_If	Whenever this creature attacks, it gets +1/+0 until end of turn for each attacking creature. If a Rat is attacking, this creature gains trample until end of turn.
Outlaw Stitcher	1	Swallow:DynamicQty	When this creature enters, create a 2/2 blue and black Zombie Rogue creature token, then put two +1/+1 counters on that token for each spell you've cast this turn other than the first. / Plot {4}{U} (You may pay {4}{U} and exile this card from your hand. Cast it as a sorcery on a later turn without paying its mana cost. Plot only as a sorcery.)
Brackish Blunder	1	Swallow:Condition_If	Return target creature to its owner's hand. If it was tapped, create a Map token. (It's an artifact with "{1}, {T}, Sacrifice this token: Target creature you control explores. Activate only as a sorcery.")
Nashi, Searcher in the Dark	1	Swallow:Condition_If	Menace / Whenever Nashi deals combat damage to a player, you mill that many cards. You may put any number of legendary and/or enchantment cards from among them into your hand. If you put no cards into your hand this way, put a +1/+1 counter on Nashi.
Sokka's Haiku	0		Counter target spell. / Draw a card, then mill three cards. / Untap target land.
Case of the Uneaten Feast	1	Swallow:Optional_YouMay	Whenever a creature you control enters, you gain 1 life. / To solve — You've gained 5 or more life this turn. (If unsolved, solve at the beginning of your end step.) / Solved — Sacrifice this Case: Creature cards in your graveyard gain "You may cast this card from your graveyard" until end of turn.
Discerning Financier	1	Effect:choose	At the beginning of your upkeep, if an opponent controls more lands than you, create a Treasure token. (It's an artifact with "{T}, Sacrifice this token: Add one mana of any color.") / {2}{W}: Choose another player. That player gains control of target Treasure you control. You draw a card.
Inquisitive Glimmer	1	Effect:static_structure	Enchantment spells you cast cost {1} less to cast. / Unlock costs you pay cost {1} less.
Machinist's Arsenal	1	Swallow:DynamicQty	Job select (When this Equipment enters, create a 1/1 colorless Hero creature token, then attach this to it.) / Equipped creature gets +2/+2 for each artifact you control and is an Artificer in addition to its other types. / Machina — Equip {4} ({4}: Attach to target creature you control. Equip only as a sorcery.)
Amalia Benavides Aguirre	1	Swallow:Condition_If	Ward—Pay 3 life. / Whenever you gain life, Amalia Benavides Aguirre explores. Then destroy all other creatures if its power is exactly 20. (To have this creature explore, reveal the top card of your library. Put that card into your hand if it's a land. Otherwise, put a +1/+1 counter on this creature, then put the card back or put it into your graveyard.)
Knight of Grace	0		First strike (This creature deals combat damage before creatures without first strike.) / Hexproof from black (This creature can't be the target of black spells or abilities your opponents control.) / This creature gets +1/+0 as long as any player controls a black permanent.
Vincent's Limit Break	3	Effect:{0};Effect:{1};Effect:{3}	Tiered (Choose one additional cost.) / Until end of turn, target creature you control gains "When this creature dies, return it to the battlefield tapped under its owner's control" and has the chosen base power and toughness. / • Galian Beast — {0} — 3/2. / • Death Gigas — {1} — 5/2. / • Hellmasker — {3} — 7/2.
Jolly Gerbils	1	Trigger:Whenever you give a gift	Whenever you give a gift, draw a card.
Overgrown Zealot	1	Effect:spend	{T}: Add one mana of any color. / {T}: Add two mana of any one color. Spend this mana only to turn permanents face up.
Gastal Thrillseeker	0		Start your engines! (If you have no speed, it starts at 1. It increases once on each of your turns when an opponent loses life. Max speed is 4.) / When this creature enters, it deals 1 damage to target opponent and you gain 1 life. / Max speed — This creature has deathtouch and haste.
Ultimecia, Time Sorceress	1	ParseWarning:target-fallback	Whenever Ultimecia enters or attacks, surveil 2. (Look at the top two cards of your library, then put any number of them into your graveyard and the rest on top of your library in any order.) / At the beginning of your end step, you may pay {4}{U}{U}{B}{B} and exile eight cards from your graveyard. If you do, transform Ultimecia.
Mirrormind Crown	1	Swallow:Optional_YouMay	As long as this Equipment is attached to a creature, the first time you would create one or more tokens each turn, you may instead create that many tokens that are copies of equipped creature. / Equip {2}
Ran and Shaw	1	Swallow:Condition_If	Flying, firebending 2 / When Ran and Shaw enter, if you cast them and there are three or more Dragon and/or Lesson cards in your graveyard, create a token that's a copy of Ran and Shaw, except it's not legendary. / {3}{R}: Dragons you control get +2/+0 until end of turn.
Sandman's Quicksand	1	Swallow:Condition_If	Mayhem {3}{B} (You may cast this card from your graveyard for {3}{B} if you discarded it this turn. Timing rules still apply.) / All creatures get -2/-2 until end of turn. If this spell's mayhem cost was paid, creatures your opponents control get -2/-2 until end of turn instead.
Yarus, Roar of the Old Gods	1	Swallow:Condition_If	Other creatures you control have haste. / Whenever one or more face-down creatures you control deal combat damage to a player, draw a card. / Whenever a face-down creature you control dies, return it to the battlefield face down under its owner's control if it's a permanent card, then turn it face up.
Mazemind Tome	1	Trigger:When there are four or more page counters on ~	{T}, Put a page counter on this artifact: Scry 1. (Look at the top card of your library. You may put that card on the bottom.) / {2}, {T}, Put a page counter on this artifact: Draw a card. / When there are four or more page counters on this artifact, exile it. If you do, you gain 4 life.
Rampaging Soulrager	0		This creature gets +3/+0 as long as there are two or more unlocked doors among Rooms you control.
